,0,0
0,3/03_new/03_new_5.jpg,
1,3/03_new/03_new_3.jpg,
2,3/03_new/03_new_2.jpg,
3,3/03_new/03_new_1.jpg,
4,3/03_new/03_new_6.jpg,
5,3/03_new/03_new_4.jpg,
6,3/01_new/01_new_3.jpg,ie)
7,3/01_new/01_new_2.jpg,
8,3/01_new/01_new_4.jpg,"TAA
mel"
9,3/01_new/01_new_1.jpg,
10,3/01_new/01_new_5.jpg,at)
11,3/02_new/02_new_2.jpg,
12,3/02_new/02_new_4.jpg,
13,3/02_new/02_new_3.jpg,
14,3/02_new/02_new_1.jpg,
15,5/03_new/03_new_5.jpg,
16,5/03_new/03_new_3.jpg,
17,5/03_new/03_new_2.jpg,500
18,5/03_new/03_new_1.jpg,
19,5/03_new/03_new_6.jpg,W Neil
20,5/03_new/03_new_4.jpg,
21,5/01_new/01_new_3.jpg,"Amul

PASTEVRISED"
22,5/01_new/01_new_7.jpg,"rWvÂ¥9 wy

PASTEURISED"
23,5/01_new/01_new_2.jpg,
24,5/01_new/01_new_4.jpg,ilu
25,5/01_new/01_new_1.jpg,"7, y=:

bulteny"
26,5/01_new/01_new_5.jpg,
27,5/01_new/01_new_6.jpg,Juhi
28,5/02_new/02_new_1.jpg,Anu
29,2/01_new/01_new_3.jpg,
30,2/01_new/01_new_2.jpg,ental
31,2/01_new/01_new_1.jpg,
32,2/02_new/02_new_2.jpg,
33,2/02_new/02_new_3.jpg,
34,2/02_new/02_new_1.jpg,bid
35,4/01_new/01_new_3.jpg,
36,4/01_new/01_new_2.jpg,"tha
yb"
37,4/01_new/01_new_4.jpg,mtn th
38,4/01_new/01_new_1.jpg,aol
39,4/01_new/01_new_5.jpg,
40,4/02_new/02_new_2.jpg,"ek

me aid"
41,4/02_new/02_new_6.jpg,
42,4/02_new/02_new_4.jpg,"fie:
Re
py Seni"
43,4/02_new/02_new_3.jpg,ona
44,4/02_new/02_new_5.jpg,"rn
ron A"
45,4/02_new/02_new_1.jpg,afl
46,1/03_new/03_new_7.jpg,i
47,1/03_new/03_new_5.jpg,
48,1/03_new/03_new_3.jpg,
49,1/03_new/03_new_2.jpg,
50,1/03_new/03_new_1.jpg,"ergy

Doatain |"
51,1/03_new/03_new_6.jpg,
52,1/03_new/03_new_4.jpg,
53,1/01_new/01_new_3.jpg,
54,1/01_new/01_new_2.jpg,
55,1/01_new/01_new_4.jpg,
56,1/01_new/01_new_1.jpg,
57,1/01_new/01_new_5.jpg,
58,1/01_new/01_new_6.jpg,lg
59,1/2_new/2_new_3.jpg,
60,1/2_new/2_new_6.jpg,
61,1/2_new/2_new_9.jpg,
62,1/2_new/2_new_7.jpg,
63,1/2_new/2_new_1.jpg,
64,1/2_new/2_new_11.jpg,
65,1/2_new/2_new_5.jpg,HEIGHT
66,1/2_new/2_new_4.jpg,
67,1/2_new/2_new_10.jpg,
68,1/2_new/2_new_8.jpg,
69,1/2_new/2_new_2.jpg,
70,1/2_new/2_new_12.jpg,
